SALE TYPE,HOME TYPE,ADDRESS,CITY,STATE,ZIP,LIST PRICE,BEDS,BATHS,LOCATION,SQFT,LOT SIZE,YEAR BUILT,PARKING SPOTS,PARKING TYPE,DAYS ON MARKET,STATUS,NEXT OPEN HOUSE DATE,NEXT OPEN HOUSE START TIME,NEXT OPEN HOUSE END TIME,RECENT REDUCTION DATE,ORIGINAL LIST PRICE,LAST SALE DATE,LAST SALE PRICE,URL (SEE http://www.redfin.com/buy-a-home/comparative-market-analysis FOR INFO ON PRICING),SOURCE,LISTING ID,ORIGINAL SOURCE,FAVORITE,INTERESTED,LATITUDE,LONGITUDE,IS SHORT SALE
Past Sale,Condo/Coop,952 Kiely Blvd Unit J,SANTA CLARA,CA,95051,478000,2,2.0,SANTA CLARA,956,1019,1971,1,Garage,,Sold,,,,,478000,2016-03-24,500000,http://www.redfin.com/CA/Santa-Clara/952-Kiely-Blvd-95051/unit-J/home/846576,MLSListings Inc. (MLSLI),ML81550989,Redfin,N,Y,37.3419039,-121.9801619,false
Past Sale,Townhouse,3615 Brach Way,SANTA CLARA,CA,95051,924999,2,2.5,SANTA CLARA,1803,1750,1978,2,Garage,,Sold,,,,,924999,2016-05-31,960000,http://www.redfin.com/CA/Santa-Clara/3615-Brach-Way-95051/home/1150166,MLSListings Inc. (MLSLI),ML81582421,Redfin,N,Y,37.349675,-121.996602,false
Past Sale,Condo/Coop,150 Saratoga Ave Unit 304,Santa Clara,CA,95051,,2,2.0,95051,1028,,1969,,,,,,,,,,2016-06-10,596000,http://www.redfin.com/CA/Santa-Clara/150-Saratoga-Ave-95051/unit-304/home/1515400,,,,N,Y,37.327074,-121.9696,
Past Sale,Condo/Coop,4681 Albany Cir #107,SAN JOSE,CA,95129,729000,2,2.0,SAN JOSE,1310,1799,1982,2,Garage,,Sold,,,,,729000,2016-08-23,755000,http://www.redfin.com/CA/San-Jose/4681-Albany-Cir-95129/unit-107/home/746085,MLSListings Inc. (MLSLI),ML81596253,Sereno Group,N,Y,37.321586,-121.985024,false
Past Sale,Condo/Coop,3705 Terstena Pl #104,SANTA CLARA,CA,95051,649000,2,2.0,SANTA CLARA,1268,1398,1982,2,Garage,,Sold,,,,,649000,2016-06-27,675000,http://www.redfin.com/CA/Santa-Clara/3705-Terstena-Pl-95051/unit-104/home/964559,MLSListings Inc. (MLSLI),ML81584832,Century 21 M&M and Associates,N,Y,37.357878,-121.998507,false
Past Sale,Condo/Coop,1904 Miraplaza Ct Apt 23,Santa Clara,CA,95051,,2,2.0,95051,1041,,1986,,,,,,,,,,2016-06-30,200500,http://www.redfin.com/CA/Santa-Clara/1904-Miraplaza-Ct-95051/unit-23/home/669471,,,,N,Y,37.357193,-121.998396,
Past Sale,Condo/Coop,1750 Halford Ave #207,SANTA CLARA,CA,95051,519000,2,2.0,SANTA CLARA,1032,1555,1970,0,,,Sold,,,,2016-06-30,525000,2016-08-15,530000,http://www.redfin.com/CA/Santa-Clara/1750-Halford-Ave-95051/unit-207/home/1685060,MLSListings Inc. (MLSLI),ML81590222,Alain Pinel Realtors,N,Y,37.3557149,-121.998715,false
Past Sale,Condo/Coop,1037 Alta Mira Dr Unit A,SANTA CLARA,CA,95051,589999,2,2.0,SANTA CLARA,1067,1768,1971,0,,,Sold,,,,,589999,2016-09-02,575000,http://www.redfin.com/CA/Santa-Clara/1037-Alta-Mira-Dr-95051/unit-A/home/1382102,MLSListings Inc. (MLSLI),ML81583707,"Gary G. Gillmor, Broker",N,Y,37.346173,-121.993413,false
Past Sale,Condo/Coop,2601 Cortez Dr #3205,SANTA CLARA,CA,95051,449999,2,1.0,SANTA CLARA,780,710,1972,1,Garage,,Sold,,,,,449999,2016-06-30,475000,http://www.redfin.com/CA/Santa-Clara/2601-Cortez-Dr-95051/unit-3205/home/22733192,MLSListings Inc. (MLSLI),ML81580960,NewVision Realty Group,N,Y,37.3689816,-121.9747624,false
Past Sale,Condo/Coop,3029 Kaiser Dr Unit F,SANTA CLARA,CA,95051,549000,2,1.5,SANTA CLARA,1097,544,1971,0,,,Sold,,,,,549000,2016-06-26,570000,http://www.redfin.com/CA/Santa-Clara/3029-Kaiser-Dr-95051/unit-F/home/740572,MLSListings Inc. (MLSLI),ML81586552,Mirabella Properties,N,Y,37.3435072,-121.9832952,false
Past Sale,Condo/Coop,974 Kiely Blvd,Santa Clara,CA,95051,,2,2.0,95051,956,,1971,,,,,,,,,,2016-06-28,508000,http://www.redfin.com/CA/Santa-Clara/974-Kiely-Blvd-95051/home/1544800,,,,N,Y,37.343233,-121.980744,
Past Sale,Condo/Coop,936 Kiely Blvd Unit A,SANTA CLARA,CA,95051,525000,2,1.0,SANTA CLARA,882,923,1971,0,,,Sold,,,,,525000,2016-07-15,525000,http://www.redfin.com/CA/Santa-Clara/936-Kiely-Blvd-95051/unit-A/home/1306210,MLSListings Inc. (MLSLI),ML81590727,Coldwell Banker,N,Y,37.3429379,-121.978679,false
Past Sale,Single Family Residential,2867 Fresno St,SANTA CLARA,CA,95051,900000,2,1.0,SANTA CLARA,857,7501,1948,1,Garage,,Sold,,,,,900000,2016-08-10,900000,http://www.redfin.com/CA/Santa-Clara/2867-Fresno-St-95051/home/735067,MLSListings Inc. (MLSLI),ML81599336,"Jolits Real Estate Service, Inc",N,Y,37.3501512,-121.9787478,false
Past Sale,Condo/Coop,3000 Via Torino Pl (Unable to map),SANTA CLARA,CA,95051,1025880,2,3.0,SANTA CLARA,1723,1000,2014,2,Garage,,Sold,,,,,1025880,2016-08-25,1025990,http://www.redfin.com/CA/Santa-Clara/3000-Via-Torino-Pl-95051/home/106055732,MLSListings Inc. (MLSLI),ML81588484,"Bair Properties, Inc.",N,Y,,,false
Past Sale,Condo/Coop,4685 Albany Cir #110,SAN JOSE,CA,95129,619800,2,2.0,SAN JOSE,1070,,1982,1,Garage,,Sold,,,,,619800,2016-08-26,635000,http://www.redfin.com/CA/San-Jose/4685-Albany-Cir-95129/unit-110/home/744636,MLSListings Inc. (MLSLI),ML81599023,Legacy Real Estate & Assoc.,N,Y,37.322156,-121.986256,false
Past Sale,Condo/Coop,936 Kiely Blvd Unit B,SANTA CLARA,CA,95051,549900,2,1.0,SANTA CLARA,882,914,1971,1,Garage,,Sold,,,,,549900,2016-08-31,540000,http://www.redfin.com/CA/Santa-Clara/936-Kiely-Blvd-95051/unit-B/home/738729,MLSListings Inc. (MLSLI),ML81593978,Tuscana Properties,N,Y,37.3429379,-121.978679,false
Past Sale,Condo/Coop,964 Kiely Blvd Unit C,Santa Clara,CA,95051,,2,1.0,95051,992,,1971,,,,,,,,,,2016-08-02,125000,http://www.redfin.com/CA/Santa-Clara/964-Kiely-Blvd-95051/unit-C/home/1249260,,,,N,Y,37.342515,-121.981216,
Past Sale,Condo/Coop,1095 Alta Mira Dr Unit B,SANTA CLARA,CA,95051,619900,2,2.0,SANTA CLARA,1012,1768,1971,1,Garage,,Sold,,,,,619900,2016-08-19,625000,http://www.redfin.com/CA/Santa-Clara/1095-Alta-Mira-Dr-95051/unit-B/home/736353,MLSListings Inc. (MLSLI),ML81593545,Myriad Real Estate Group,N,Y,37.346457,-121.994076,false
Past Sale,Condo/Coop,221 Kiely Blvd Unit A,SANTA CLARA,CA,95051,645000,2,2.0,SANTA CLARA,1067,7000,1971,0,,,Sold,,,,,645000,2016-08-03,690000,http://www.redfin.com/CA/Santa-Clara/221-Kiely-Blvd-95051/unit-A/home/691787,MLSListings Inc. (MLSLI),ML81592090,Alain Pinel Realtors,N,Y,37.327221,-121.974202,false
Past Sale,Condo/Coop,938 Kiely Blvd Unit B,Santa Clara,CA,95051,,2,1.0,95051,882,,1971,,,,,,,,,,2016-06-14,195000,http://www.redfin.com/CA/Santa-Clara/938-Kiely-Blvd-95051/unit-B/home/1149293,,,,N,Y,37.343081,-121.978882,
Past Sale,Townhouse,2530 Homestead Rd,SANTA CLARA,CA,95051,698000,2,2.5,SANTA CLARA,1441,1219,1979,2,Garage,,Sold,,,,,698000,2016-06-23,815000,http://www.redfin.com/CA/Santa-Clara/2530-Homestead-Rd-95051/home/1117791,MLSListings Inc. (MLSLI),ML81586290,Coldwell Banker,N,Y,37.34006,-121.97055,false
Past Sale,Condo/Coop,3013 Kaiser Dr Unit A,SANTA CLARA,CA,95051,499000,2,1.5,SANTA CLARA,992,527,1971,0,,,Sold,,,,,499000,2016-06-24,550000,http://www.redfin.com/CA/Santa-Clara/3013-Kaiser-Dr-95051/unit-A/home/739212,MLSListings Inc. (MLSLI),ML81586129,Pacific Union International,N,Y,37.3426959,-121.98164,false
Past Sale,Townhouse,1912 Magdalena Cir #100,SANTA CLARA,CA,95051,747888,2,2.5,SANTA CLARA,1332,,1986,2,Garage,,Sold,,,,,747888,2016-04-29,820600,http://www.redfin.com/CA/Santa-Clara/1912-Magdalena-Cir-95051/unit-100/home/671171,MLSListings Inc. (MLSLI),ML81578390,US Network Realty,N,Y,37.3574929,-121.9999417,false
Past Sale,Condo/Coop,3705 Terstena Pl Apt 102,Santa Clara,CA,95051,,2,2.0,95051,1248,,1982,,,,,,,,,,2016-05-10,675000,http://www.redfin.com/CA/Santa-Clara/3705-Terstena-Pl-95051/unit-102/home/1174918,,,,N,Y,37.357878,-121.998507,
Past Sale,Condo/Coop,1903 Miraplaza Ct #7,SANTA CLARA,CA,95051,698000,2,2.0,SANTA CLARA,1041,,1986,1,Garage,,Sold,,,,,698000,2016-05-19,751000,http://www.redfin.com/CA/Santa-Clara/1903-Miraplaza-Ct-95051/unit-7/home/1240860,MLSListings Inc. (MLSLI),ML81580411,Realty World Premier Properties,N,Y,37.357434,-121.998213,false
Past Sale,Condo/Coop,1911 Magdalena Cir #79,SANTA CLARA,CA,95051,668000,2,2.0,SANTA CLARA,1041,871,1986,1,Garage,,Sold,,,,,668000,2016-06-06,727000,http://www.redfin.com/CA/Santa-Clara/1911-Magdalena-Cir-95051/unit-79/home/1255573,MLSListings Inc. (MLSLI),ML81582387,Realty One Group - World Properties,N,Y,37.3571419,-122.000227,false
Past Sale,Condo/Coop,1908 Magdalena Cir #59,SANTA CLARA,CA,95051,634800,2,1.0,SANTA CLARA,920,920,1986,1,Garage,,Sold,,,,,634800,2016-06-15,652000,http://www.redfin.com/CA/Santa-Clara/1908-Magdalena-Cir-95051/unit-59/home/670691,MLSListings Inc. (MLSLI),ML81584826,Coldwell Banker,N,Y,37.3573415,-121.9995363,false
Past Sale,Condo/Coop,2600 Cortez Dr Unit 6202,Santa Clara,CA,95051,,2,1.0,95051,712,,1972,,,,,,,,,,2016-05-11,470000,http://www.redfin.com/CA/Santa-Clara/2600-Cortez-Dr-95051/unit-6202/home/22732546,,,,N,Y,37.36867,-121.974955,
Past Sale,Condo/Coop,2601 Cortez Dr #3108,SANTA CLARA,CA,95051,475000,2,1.0,SANTA CLARA,712,712,1972,1,Garage,,Sold,,,,,475000,2016-05-31,475000,http://www.redfin.com/CA/Santa-Clara/2601-Cortez-Dr-95051/unit-3108/home/12179665,MLSListings Inc. (MLSLI),ML81579385,Red Carpet Real Estate-Capitol,N,Y,37.3689816,-121.9747624,false
Past Sale,Condo/Coop,2601 cortez Dr #5107,SANTA CLARA,CA,95051,464888,2,1.0,SANTA CLARA,712,811,1972,1,Garage,,Sold,,,,,464888,2016-06-21,466000,http://www.redfin.com/CA/Santa-Clara/2601-Cortez-Dr-95051/unit-5107/home/12181310,MLSListings Inc. (MLSLI),ML81588003,True-Vision Network Real Estate,N,Y,37.3689816,-121.9747624,false
Past Sale,Condo/Coop,2601 Cortez Dr #3203,SANTA CLARA,CA,95051,448888,2,1.0,SANTA CLARA,712,871,1972,1,Garage,,Sold,,,,2016-05-05,475000,2016-06-22,473388,http://www.redfin.com/CA/Santa-Clara/2601-Cortez-Dr-95051/unit-3203/home/22735660,MLSListings Inc. (MLSLI),ML81583780,CIG Realty & Loans,N,Y,37.3689816,-121.9747624,false
Past Sale,Condo/Coop,151 Buckingham Dr #217,SANTA CLARA,CA,95051,659000,2,2.0,SANTA CLARA,1260,1258,1969,2,Garage,,Sold,,,,,659000,2016-05-06,738000,http://www.redfin.com/CA/Santa-Clara/151-Buckingham-Dr-95051/unit-217/home/744541,MLSListings Inc. (MLSLI),ML81578104,KW Bay Area Estates,N,Y,37.326622,-121.971376,false
Past Sale,Condo/Coop,2733 Mauricia Ave Unit A,Santa Clara,CA,95051,,2,2.0,95051,1067,,1971,,,,,,,,,,2016-06-21,720000,http://www.redfin.com/CA/Santa-Clara/2733-Mauricia-Ave-95051/unit-A/home/783437,,,,N,Y,37.326992,-121.972242,
Past Sale,Townhouse,2247 Anna Dr,SANTA CLARA,CA,95050,639000,2,1.5,SANTA CLARA,1188,1254,1981,2,Garage,,Sold,,,,,639000,2016-05-10,720000,http://www.redfin.com/CA/Santa-Clara/2247-Anna-Dr-95050/home/735602,MLSListings Inc. (MLSLI),ML81578046,Sereno Group,N,Y,37.351331,-121.963686,false
Past Sale,Townhouse,2022 Holly Branch Ct,Santa Clara,CA,95050,,2,1.0,95050,1256,,1984,,,,,,,,,,2016-05-26,650000,http://www.redfin.com/CA/Santa-Clara/2022-Holly-Branch-Ct-95050/home/1199326,,,,N,Y,37.3593187,-121.9647435,
Past Sale,Condo/Coop,930 Kiely Blvd Unit B,SANTA CLARA,CA,95051,538000,2,2.0,SANTA CLARA,956,1019,1971,1,Garage,,Sold,,,,,538000,2016-06-10,560000,http://www.redfin.com/CA/Santa-Clara/930-Kiely-Blvd-95051/unit-B/home/1791264,MLSListings Inc. (MLSLI),ML81580102,Keller Williams Realty - Cupertino,N,Y,37.342691,-121.978266,false
Past Sale,Townhouse,572 Los Olivos Dr,SANTA CLARA,CA,95050,745000,2,2.0,SANTA CLARA,1573,2208,1981,2,Garage,,Sold,,,,,745000,2016-05-31,802000,http://www.redfin.com/CA/Santa-Clara/572-Los-Olivos-Dr-95050/home/550286,MLSListings Inc. (MLSLI),ML81579825,Keller Williams Realty - Cupertino,N,Y,37.335749,-121.964454,false
Past Sale,Condo/Coop,2847 Kaiser Dr,SANTA CLARA,CA,95051,969880,2,3.0,SANTA CLARA,1822,1000,2016,2,Garage,,Sold,,,,2016-02-10,1030497,2016-03-30,979990,http://www.redfin.com/CA/Santa-Clara/2847-Kaiser-Dr-95051/home/102396201,MLSListings Inc. (MLSLI),ML81545813,"Bair Properties, Inc.",N,Y,37.3418586,-121.9792041,false
Past Sale,Condo/Coop,2951 Via Roma Pl #35,SANTA CLARA,CA,95051,978990,2,3.0,SANTA CLARA,1822,,2015,2,Garage,,Sold,,,,,978990,2016-01-28,960000,http://www.redfin.com/CA/Santa-Clara/2951-Via-Roma-Pl-95051/unit-35/home/101779525,MLSListings Inc. (MLSLI),ML81521174,D R Horton America's Builder,N,Y,37.3421908,-121.9790237,false
Past Sale,Condo/Coop,2853 Kaiser Dr #64,SANTA CLARA,CA,95051,979990,2,3.0,SANTA CLARA,1822,1000,2016,2,Garage,,Sold,,,,,979990,2016-03-17,979990,http://www.redfin.com/CA/Santa-Clara/2853-Kaiser-Dr-95051/home/103508083,MLSListings Inc. (MLSLI),ML81548889,"Bair Properties, Inc.",N,Y,37.3418586,-121.979203,false
Past Sale,Condo/Coop,2927 Via Torino Pl (Unable to map),SANTA CLARA,CA,95051,1039990,2,3.0,SANTA CLARA,1723,,2016,2,Garage,,Sold,,,,,1039990,2016-03-30,1039990,http://www.redfin.com/CA/Santa-Clara/2927-Via-Torino-Pl-95051/home/103762532,MLSListings Inc. (MLSLI),ML81550187,D R Horton America's Builder,N,Y,,,false
Past Sale,Condo/Coop,4681 ALBANY Cir #128,SAN JOSE,CA,95129,729000,2,2.0,SAN JOSE,1350,1800,1982,2,Garage,,Sold,,,,,729000,2016-06-24,742000,http://www.redfin.com/CA/San-Jose/4681-Albany-Cir-95129/unit-128/home/567290,MLSListings Inc. (MLSLI),ML81584942,US Network Realty,N,Y,37.321586,-121.985024,false
Past Sale,Townhouse,2383 South Dr,SANTA CLARA,CA,95051,688888,2,1.5,SANTA CLARA,1197,1607,1971,2,Garage,,Sold,,,,2016-05-04,699999,2016-06-17,684000,http://www.redfin.com/CA/Santa-Clara/2383-South-Dr-95051/home/673971,MLSListings Inc. (MLSLI),ML81581817,Intero Real Estate Services,N,Y,37.3659419,-121.969004,false
Past Sale,Single Family Residential,2425 Moraine Dr,SANTA CLARA,CA,95051,759000,2,1.0,SANTA CLARA,754,5401,1954,0,,,Sold,,,,,759000,2016-06-22,810000,http://www.redfin.com/CA/Santa-Clara/2425-Moraine-Dr-95051/home/1045735,MLSListings Inc. (MLSLI),ML81585132,Sereno Group,N,Y,37.36719,-121.979102,false
Past Sale,Condo/Coop,1061 Alta Mira Dr Unit A,SANTA CLARA,CA,95051,599000,2,2.0,SANTA CLARA,1067,1768,1971,0,,,Sold,,,,,599000,2016-05-09,650000,http://www.redfin.com/CA/Santa-Clara/1061-Alta-Mira-Dr-95051/unit-A/home/885325,MLSListings Inc. (MLSLI),ML81564704,Bailey Properties,N,Y,37.346188,-121.994743,false
Past Sale,Condo/Coop,1041 Alta Mira Dr Unit B,SANTA CLARA,CA,95051,579000,2,2.0,SANTA CLARA,1012,1768,1971,0,,,Sold,,,,,579000,2016-05-20,630000,http://www.redfin.com/CA/Santa-Clara/1041-Alta-Mira-Dr-95051/unit-B/home/1416614,MLSListings Inc. (MLSLI),ML81579103,Realty World-Silicon Valley,N,Y,37.34617,-121.993597,false
Past Sale,Townhouse,3767 Adriatic Way,SANTA CLARA,CA,95051,898000,2,2.0,SANTA CLARA,1524,1751,1978,2,Garage,,Sold,,,,,898000,2016-04-28,925000,http://www.redfin.com/CA/Santa-Clara/3767-Adriatic-Way-95051/home/765501,MLSListings Inc. (MLSLI),ML81564345,Coldwell Banker,N,Y,37.349651,-121.998999,false
Past Sale,Condo/Coop,1400 Bowe Ave #1508,SANTA CLARA,CA,95051,695000,2,2.0,SANTA CLARA,1062,1258,1986,1,Garage,,Sold,,,,,695000,2016-06-10,695000,http://www.redfin.com/CA/Santa-Clara/1400-Bowe-Ave-95051/unit-1508/home/800090,MLSListings Inc. (MLSLI),ML81582163,Keller Williams Realty-Silicon Valley,N,Y,37.3497134,-121.9747449,false
Past Sale,Condo/Coop,1400 Bowe Ave #1203,SANTA CLARA,CA,95051,669000,2,2.0,SANTA CLARA,1062,1258,1984,0,,,Sold,,,,,669000,2016-06-17,715000,http://www.redfin.com/CA/Santa-Clara/1400-Bowe-Ave-95051/unit-1203/home/1859045,MLSListings Inc. (MLSLI),ML81584799,Alain Pinel Realtors,N,Y,37.3497134,-121.9747449,false
Past Sale,Condo/Coop,946 Kiely Blvd Unit E,SANTA CLARA,CA,95051,479950,2,2.0,SANTA CLARA,956,435,1971,1,,,Sold,,,,,479950,2016-01-22,505000,http://www.redfin.com/CA/Santa-Clara/946-Kiely-Blvd-95051/unit-0E/home/12297885,MLSListings Inc. (MLSLI),ML81534104,Kor-am Property & Investment,N,Y,37.3429519,-121.979747,false
Past Sale,Condo/Coop,151 Buckingham Dr Unit 209,Santa Clara,CA,95051,,2,2.0,95051,1028,,1969,,,,,,,,,,2016-02-18,400000,http://www.redfin.com/CA/Santa-Clara/151-Buckingham-Dr-95051/unit-209/home/1515387,,,,N,Y,37.326622,-121.971376,
Past Sale,Condo/Coop,120 Saratoga Ave #117,SANTA CLARA,CA,95051,498000,2,2.0,SANTA CLARA,1137,1258,1969,0,,,Sold,,,,,498000,2016-03-28,555000,http://www.redfin.com/CA/Santa-Clara/120-Saratoga-Ave-95051/unit-117/home/1201261,MLSListings Inc. (MLSLI),ML81550439,Home Solutions Realty,N,Y,37.325897,-121.969695,false
Past Sale,Townhouse,3550 Alden Way #10,SAN JOSE,CA,95117,475000,2,1.5,SAN JOSE,986,505,1963,1,Garage,,Sold,,,,,475000,2016-03-30,505000,http://www.redfin.com/CA/San-Jose/3550-Alden-Way-95117/unit-10/home/750484,MLSListings Inc. (MLSLI),ML81563585,Adventure Realty,N,Y,37.322059,-121.961785,false
Past Sale,Condo/Coop,151 Buckingham Dr #229,SANTA CLARA,CA,95051,600000,2,2.0,SANTA CLARA,1260,1258,1969,1,Garage,,Sold,,,,,600000,2016-04-07,675000,http://www.redfin.com/CA/Santa-Clara/151-Buckingham-Dr-95051/unit-229/home/1047430,MLSListings Inc. (MLSLI),ML81561714,Coldwell Banker,N,Y,37.326622,-121.971376,false
Past Sale,Townhouse,155 Kiely Blvd,SANTA CLARA,CA,95051,858000,2,2.5,SANTA CLARA,1300,1560,1976,1,Garage,,Sold,,,,2016-03-09,898000,2016-04-08,855000,http://www.redfin.com/CA/Santa-Clara/155-Kiely-Blvd-95051/home/741051,MLSListings Inc. (MLSLI),ML81549239,Realty One Group - World Properties,N,Y,37.325679,-121.974289,false
Past Sale,Condo/Coop,1906 Magdalena Cir #53,SANTA CLARA,CA,95051,618000,2,2.0,SANTA CLARA,1041,,1986,1,Garage,,Sold,,,,,618000,2016-03-02,702000,http://www.redfin.com/CA/Santa-Clara/1906-Magdalena-Cir-95051/unit-53/home/1495486,MLSListings Inc. (MLSLI),ML81549226,Coldwell Banker,N,Y,37.3574853,-121.9991973,false
Past Sale,Condo/Coop,1902 Miraplaza Ct #33,SANTA CLARA,CA,95051,599000,2,2.0,SANTA CLARA,1041,871,1986,2,Garage,,Sold,,,,,599000,2016-03-01,732000,http://www.redfin.com/CA/Santa-Clara/1902-Miraplaza-Ct-95051/unit-33/home/1174904,MLSListings Inc. (MLSLI),ML81547964,Realty World Premier Properties,N,Y,37.3575299,-121.998603,false
Past Sale,Condo/Coop,835 Bing Dr #8,SANTA CLARA,CA,95051,469000,2,2.0,SANTA CLARA,937,1001,1973,0,,,Sold,,,,,469000,2016-03-15,565000,http://www.redfin.com/CA/Santa-Clara/835-Bing-Dr-95051/unit-8/home/1176735,MLSListings Inc. (MLSLI),ML81562751,Next Century Realty,N,Y,37.338935,-121.9927074,false
Past Sale,Condo/Coop,3715 Terstena Pl #406,SANTA CLARA,CA,95051,649000,2,2.0,SANTA CLARA,1360,1537,1982,1,Garage,,Sold,,,,,649000,2016-03-18,765000,http://www.redfin.com/CA/Santa-Clara/3715-Terstena-Pl-95051/unit-406/home/670831,MLSListings Inc. (MLSLI),ML81551011,Referral Realty,N,Y,37.357957,-121.998826,false
Past Sale,Condo/Coop,1059 Alta Mira Dr Unit B,SANTA CLARA,CA,95051,579000,2,2.0,SANTA CLARA,1012,1768,1971,0,,,Sold,,,,,579000,2016-03-30,603000,http://www.redfin.com/CA/Santa-Clara/1059-Alta-Mira-Dr-95051/unit-B/home/1682616,MLSListings Inc. (MLSLI),ML81562449,Sereno Group,N,Y,37.3461969,-121.994667,false
Past Sale,Condo/Coop,3705 Terstena Pl #113,SANTA CLARA,CA,95051,639000,2,2.0,SANTA CLARA,1268,1398,1982,1,Garage,,Sold,,,,,639000,2016-04-11,721000,http://www.redfin.com/CA/Santa-Clara/3705-Terstena-Pl-95051/unit-113/home/1671312,MLSListings Inc. (MLSLI),ML81564262,Intero Real Estate Services,N,Y,37.357878,-121.998507,false
Past Sale,Condo/Coop,968 Kiely Blvd Unit F,SANTA CLARA,CA,95051,499000,2,1.5,SANTA CLARA,992,528,1971,0,,,Sold,,,,,499000,2016-03-09,540000,http://www.redfin.com/CA/Santa-Clara/968-Kiely-Blvd-95051/unit-F/home/740682,MLSListings Inc. (MLSLI),ML81551097,Coldwell Banker,N,Y,37.342825,-121.981137,false
Past Sale,Townhouse,3037 Kaiser Dr Unit B,Santa Clara,CA,95051,,2,1.0,95051,1097,,1971,,,,,,,,,,2016-03-17,530000,http://www.redfin.com/CA/Santa-Clara/3037-Kaiser-Dr-95051/unit-B/home/1153763,,,,N,Y,37.3435578,-121.9821582,
Past Sale,Townhouse,3005 Kaiser Dr Unit C,SANTA CLARA,CA,95051,488000,2,1.5,SANTA CLARA,1097,544,1971,0,,,Sold,,,,2016-03-04,498000,2016-04-05,525000,http://www.redfin.com/CA/Santa-Clara/3005-Kaiser-Dr-95051/unit-C/home/1149283,MLSListings Inc. (MLSLI),ML81562110,Keller Williams Realty - Cupertino,N,Y,37.342194,-121.981712,false
Past Sale,Condo/Coop,2601 Cortez Dr #3104,SANTA CLARA,CA,95051,445888,2,1.0,SANTA CLARA,712,710,1972,0,,,Sold,,,,,445888,2016-02-08,465000,http://www.redfin.com/CA/Santa-Clara/2601-Cortez-Dr-95051/unit-3104/home/12179661,MLSListings Inc. (MLSLI),ML81546777,Today Sothebys International Realty,N,Y,37.3689816,-121.9747624,false
Past Sale,Condo/Coop,986 Kiely Blvd Unit D,SANTA CLARA,CA,95051,447888,2,1.0,SANTA CLARA,882,923,1971,0,,,Sold,,,,,447888,2016-02-17,520000,http://www.redfin.com/CA/Santa-Clara/986-Kiely-Blvd-95051/unit-D/home/738750,MLSListings Inc. (MLSLI),ML81547875,Realty World Villa California,N,Y,37.343642,-121.978435,false
Past Sale,Condo/Coop,2601 Cortez Dr Unit 3103,Santa Clara,CA,95051,,2,1.0,95051,712,,1972,,,,,,,,,,2016-02-26,460000,http://www.redfin.com/CA/Santa-Clara/2601-Cortez-Dr-95051/unit-3103/home/12181304,,,,N,Y,37.3689816,-121.9747624,
Past Sale,Condo/Coop,2601 Cortez Dr #3110,SANTA CLARA,CA,95051,455000,2,1.0,SANTA CLARA,712,908,1972,0,,,Sold,,,,,455000,2016-03-04,475000,http://www.redfin.com/CA/Santa-Clara/2601-Cortez-Dr-95051/unit-3110/home/12181305,MLSListings Inc. (MLSLI),ML81549664,Altas Realty,N,Y,37.3689816,-121.9747624,false
Past Sale,Condo/Coop,1400 Bowe Ave #1310,SANTA CLARA,CA,95051,649000,2,2.0,SANTA CLARA,1062,1258,1986,1,Garage,,Sold,,,,,649000,2016-03-03,690000,http://www.redfin.com/CA/Santa-Clara/1400-Bowe-Ave-95051/unit-1310/home/1672721,MLSListings Inc. (MLSLI),ML81548103,Intero Real Estate Services,N,Y,37.3497134,-121.9747449,false
Past Sale,Condo/Coop,1400 Bowe Ave Apt 804,Santa Clara,CA,95051,,2,2.0,95051,1062,,1984,,,,,,,,,,2016-03-22,600000,http://www.redfin.com/CA/Santa-Clara/1400-Bowe-Ave-95051/unit-804/home/1182131,,,,N,Y,37.3497134,-121.9747449,
Past Sale,Townhouse,149 Kiely Blvd,SANTA CLARA,CA,95051,875000,2,2.5,SANTA CLARA,1300,,1976,2,Garage,,Sold,,,,,875000,2016-03-18,875000,http://www.redfin.com/CA/Santa-Clara/149-Kiely-Blvd-95051/home/741113,MLSListings Inc. (MLSLI),ML81550468,First Metro Investments,N,Y,37.325513,-121.974286,false
Past Sale,Condo/Coop,2250 Monroe St Apt 269,Santa Clara,CA,95050,,2,2.0,95050,913,,1987,,,,,,,,,,2016-02-11,285000,http://www.redfin.com/CA/Santa-Clara/2250-Monroe-St-95050/unit-269/home/1618557,,,,N,Y,37.3620091,-121.9637889,
Past Sale,Townhouse,2456 Rebecca Lynn Way,SANTA CLARA,CA,95050,749000,2,2.5,SANTA CLARA,1459,1248,1984,2,Garage,,Sold,,,,,749000,2016-03-28,861000,http://www.redfin.com/CA/Santa-Clara/2456-Rebecca-Lynn-Way-95050/home/743391,MLSListings Inc. (MLSLI),ML81564289,Intero Real Estate Services,N,Y,37.3342985,-121.965908,false
Past Sale,Condo/Coop,2175 Rancho Mccormick Blvd,SANTA CLARA,CA,95050,710000,2,2.0,SANTA CLARA,1475,1751,1984,2,Garage,,Sold,,,,,710000,2016-04-04,781000,http://www.redfin.com/CA/Santa-Clara/2175-Rancho-McCormick-Blvd-95050/home/1229560,MLSListings Inc. (MLSLI),ML81562062,Referral Realty,N,Y,37.3602149,-121.962331,false
Past Sale,Condo/Coop,2250 Monroe St #394,SANTA CLARA,CA,95050,538000,2,2.0,SANTA CLARA,946,945,1987,0,,,Sold,,,,,538000,2016-04-01,615000,http://www.redfin.com/CA/Santa-Clara/2250-Monroe-St-95050/unit-394/home/1081468,MLSListings Inc. (MLSLI),ML81561872,"Comax Realty, Inc.",N,Y,37.3620091,-121.9637889,false
Past Sale,Condo/Coop,2250 Monroe St #216,SANTA CLARA,CA,95050,568888,2,2.0,SANTA CLARA,913,914,1987,50,,,Sold,,,,,568888,2016-04-14,619500,http://www.redfin.com/CA/Santa-Clara/2250-Monroe-St-95050/unit-216/home/766180,MLSListings Inc. (MLSLI),ML81561552,CSR Real Estate Services,N,Y,37.3620091,-121.9637889,false
Past Sale,Condo/Coop,225 Kiely Blvd Unit B,SANTA CLARA,CA,95051,649000,2,2.0,SANTA CLARA,1012,7000,1971,0,,,Sold,,,,,649000,2016-01-29,680000,http://www.redfin.com/CA/Santa-Clara/225-Kiely-Blvd-95051/unit-B/home/1082943,MLSListings Inc. (MLSLI),ML81545292,Intero Real Estate Services,N,Y,37.3272229,-121.974007,false
Past Sale,Condo/Coop,946 Kiely Blvd,Santa Clara,CA,95051,,2,2.0,95051,956,,1971,,,,,,,,,,2016-01-15,505000,http://www.redfin.com/CA/Santa-Clara/946-Kiely-Blvd-95051/home/1686909,,,,N,Y,37.3429519,-121.979747,
Past Sale,Condo/Coop,2930 Via Torino Pl (Unable to map),SANTA CLARA,CA,95051,982990,2,3.0,SANTA CLARA,1723,,2015,2,Garage,,Sold,,,,2015-10-21,989880,2015-12-23,978990,http://www.redfin.com/CA/Santa-Clara/2930-Via-Torino-Pl-95051/home/101620392,MLSListings Inc. (MLSLI),ML81517775,D R Horton America's Builder,N,Y,,,false
Past Sale,Condo/Coop,2250 Monroe St #314,SANTA CLARA,CA,95050,579000,2,2.0,SANTA CLARA,946,945,1987,30,,,Sold,,,,,579000,2016-07-22,575000,http://www.redfin.com/CA/Santa-Clara/2250-Monroe-St-95050/unit-314/home/687111,MLSListings Inc. (MLSLI),ML81592891,Pacificwide Real Estate & Mortgage,N,Y,37.3620091,-121.9637889,false
Past Sale,Townhouse,2072 Holly Branch Ct,SANTA CLARA,CA,95050,639950,2,1.5,SANTA CLARA,1256,1751,1984,2,Garage,,Sold,,,,,639950,2016-07-21,700000,http://www.redfin.com/CA/Santa-Clara/2072-Holly-Branch-Ct-95050/home/1058763,MLSListings Inc. (MLSLI),ML81591115,Intero Real Estate Services,N,Y,37.359768,-121.964756,false
Past Sale,Condo/Coop,2580 Homestead Rd #7103,SANTA CLARA,CA,95051,620000,2,1.5,SANTA CLARA,984,984,2007,0,,,Sold,,,,2016-06-21,640000,2016-07-27,615000,http://www.redfin.com/CA/Santa-Clara/2580-Homestead-Rd-95051/unit-7103/home/12402649,MLSListings Inc. (MLSLI),ML81588225,Catarra Real Estate Inc.,N,Y,37.3397753,-121.9715281,false
Past Sale,Condo/Coop,1400 Bowe Ave Apt 306,Santa Clara,CA,95051,,2,2.0,95051,1062,,1984,,,,,,,,,,2016-07-21,204500,http://www.redfin.com/CA/Santa-Clara/1400-Bowe-Ave-95051/unit-306/home/1199417,,,,N,Y,37.3497134,-121.9747449,
Past Sale,Condo/Coop,2931 Via Roma Pl Unit 21,Santa Clara,CA,95051,,2,2.5,95051,1401,,2015,,,,,,,,,,2016-07-26,405000,http://www.redfin.com/CA/Santa-Clara/2931-Via-Roma-Pl-95051/unit-21/home/108510979,,,,N,Y,37.3423996,-121.979014,
Past Sale,Condo/Coop,120 Saratoga Ave #114,SANTA CLARA,CA,95051,599000,2,2.0,SANTA CLARA,1137,1260,1969,0,,,Sold,,,,,599000,2016-06-30,621000,http://www.redfin.com/CA/Santa-Clara/120-Saratoga-Ave-95051/unit-114/home/1083079,MLSListings Inc. (MLSLI),ML81584701,Coldwell Banker,N,Y,37.325897,-121.969695,false
Past Sale,Condo/Coop,2250 Monroe St #261,SANTA CLARA,CA,95050,529000,2,1.0,SANTA CLARA,858,858,1987,0,,,Sold,,,,,529000,2016-07-11,550000,http://www.redfin.com/CA/Santa-Clara/2250-Monroe-St-95050/unit-261/home/1652600,MLSListings Inc. (MLSLI),ML81588756,Alain Pinel Realtors,N,Y,37.3620091,-121.9637889,false
Past Sale,Townhouse,3037-B Kaiser Dr # B Unit 3037-B,SANTA CLARA,CA,95051,529000,2,1.5,SANTA CLARA,1097,,1980,0,,,Sold,,,,,529000,2016-03-17,530000,http://www.redfin.com/CA/Santa-Clara/3037-Kaiser-Dr-95051/unit-3037-B/home/103849217,MLSListings Inc. (MLSLI),ML81550866,Century 21-Hallmark,N,Y,37.3435578,-121.9821582,false
Past Sale,Townhouse,3001 Kaiser Dr Unit A,SANTA CLARA,CA,95051,529000,2,1.5,SANTA CLARA,992,528,1971,1,Garage,,Sold,,,,,529000,2016-07-29,530000,http://www.redfin.com/CA/Santa-Clara/3001-Kaiser-Dr-95051/unit-A/home/1765916,MLSListings Inc. (MLSLI),ML81588243,Prima Investment Group Inc.,N,Y,37.342083,-121.9811584,false
Past Sale,Townhouse,895 Quince Ave #15,SANTA CLARA,CA,95051,825000,2,2.5,SANTA CLARA,1557,1600,1985,2,Garage,,Sold,,,,,778000,2016-07-08,825000,http://www.redfin.com/CA/Santa-Clara/895-Quince-Ave-95051/unit-15/home/1442184,MLSListings Inc. (MLSLI),ML81521716,Realty World-Blue Property Group,N,Y,37.3411558,-121.9860686,false
Past Sale,Condo/Coop,2955 Via Roma Pl #41,SANTA CLARA,CA,95050,898880,2,2.5,SANTA CLARA,1401,,2015,2,Garage,,Sold,,,,2015-11-27,1115000,2016-01-21,889880,http://www.redfin.com/CA/Santa-Clara/2955-Via-Roma-Pl-95051/unit-41/home/102086311,MLSListings Inc. (MLSLI),ML81533444,D R Horton America's Builder,N,Y,37.3421908,-121.9790155,false
Past Sale,Condo/Coop,2600 Cortez Dr Unit 8104,Santa Clara,CA,95051,,2,1.0,95051,712,,1972,,,,,,,,,,2016-01-22,455000,http://www.redfin.com/CA/Santa-Clara/2600-Cortez-Dr-95051/unit-8104/home/12179684,,,,N,Y,37.36867,-121.974955,
Past Sale,Condo/Coop,1400 Bowe Ave Apt 312,Santa Clara,CA,95051,,2,2.0,95051,1062,,1984,,,,,,,,,,2016-01-08,650000,http://www.redfin.com/CA/Santa-Clara/1400-Bowe-Ave-95051/unit-312/home/1837189,,,,N,Y,37.3497134,-121.9747449,
Past Sale,Condo/Coop,3715 Terstena Pl #307,SANTA CLARA,CA,95051,690000,2,2.0,SANTA CLARA,1456,1456,1982,1,Garage,,Sold,,,,2016-01-25,780000,2016-03-07,690000,http://www.redfin.com/CA/Santa-Clara/3715-Terstena-Pl-95051/unit-307/home/670801,MLSListings Inc. (MLSLI),ML81514345,"Morgan Lane, Inc",N,Y,37.357957,-121.998826,false
Past Sale,Condo/Coop,1906 Magdalena Cir #52,SANTA CLARA,CA,95051,575000,2,1.0,SANTA CLARA,920,871,1986,1,Garage,,Sold,,,,,575000,2015-10-02,600000,http://www.redfin.com/CA/Santa-Clara/1906-Magdalena-Cir-95051/unit-52/home/669429,MLSListings Inc. (MLSLI),ML81513873,Mainstream Real Estate Group Inc.,N,Y,37.3574853,-121.9991973,false
Past Sale,Condo/Coop,1093 Alta Mira Unit A,SANTA CLARA,CA,95051,488000,2,2.0,SANTA CLARA,1067,,1971,0,,,Sold,,,,,488000,2015-09-24,600000,http://www.redfin.com/CA/Santa-Clara/1093-Alta-Mira-Dr-95051/unit-A/home/1085767,MLSListings Inc. (MLSLI),ML81516150,Intero Real Estate Services,N,Y,37.346455,-121.994183,false
Past Sale,Condo/Coop,835 Bing Dr #31,SANTA CLARA,CA,95051,425000,2,2.0,SANTA CLARA,1008,1073,1973,1,Garage,,Sold,,,,,425000,2015-11-09,525000,http://www.redfin.com/CA/Santa-Clara/835-Bing-Dr-95051/unit-31/home/1249250,MLSListings Inc. (MLSLI),ML81519793,CSR Real Estate Services,N,Y,37.338935,-121.9927074,false
Past Sale,Townhouse,831 Pomeroy Ave #5,SANTA CLARA,CA,95051,529000,2,1.5,SANTA CLARA,954,500,1964,1,,,Sold,,,,,529000,2015-12-11,570000,http://www.redfin.com/CA/Santa-Clara/831-Pomeroy-Ave-95051/unit-5/home/845512,MLSListings Inc. (MLSLI),ML81521313,Intero Real Estate Services,N,Y,37.338553,-121.9871,false
Past Sale,Condo/Coop,4691 Albany Cir Apt 108,San Jose,CA,95129,,2,2.0,95129,1070,,1982,,,,,,,,,,2015-12-16,570000,http://www.redfin.com/CA/San-Jose/4691-Albany-Cir-95129/unit-108/home/745131,,,,N,Y,37.3225707,-121.9867668,
Past Sale,Condo/Coop,4691 Albany Cir #128,SAN JOSE,CA,95129,698000,2,2.0,SAN JOSE,1350,1800,1982,2,Garage,,Sold,,,,,698000,2015-12-22,670000,http://www.redfin.com/CA/San-Jose/4691-Albany-Cir-95129/unit-128/home/882405,MLSListings Inc. (MLSLI),ML81521391,Keller Williams Palo Alto,N,Y,37.3225707,-121.9867668,false
Past Sale,Condo/Coop,1400 Bowe Ave #610,SANTA CLARA,CA,95051,529000,2,2.0,SANTA CLARA,1062,,1984,0,,,Sold,,,,,529000,2015-09-14,609000,http://www.redfin.com/CA/Santa-Clara/1400-Bowe-Ave-95051/unit-610/home/610163,MLSListings Inc. (MLSLI),ML81498242,RE/MAX Gold Placerville,N,Y,37.3497134,-121.9747449,false
Past Sale,Condo/Coop,1400 Bowe Ave #1609,SANTA CLARA,CA,95051,599000,2,2.0,SANTA CLARA,1062,1307,1986,1,Garage,,Sold,,,,,599000,2015-09-18,650000,http://www.redfin.com/CA/Santa-Clara/1400-Bowe-Ave-95051/unit-1609/home/1686749,MLSListings Inc. (MLSLI),ML81500198,Intero Real Estate Services,N,Y,37.3497134,-121.9747449,false
Past Sale,Condo/Coop,1400 Bowe Ave #601,SANTA CLARA,CA,95051,599000,2,2.0,SANTA CLARA,1062,,1984,1,Garage,,Sold,,,,,599000,2015-11-24,655000,http://www.redfin.com/CA/Santa-Clara/1400-Bowe-Ave-95051/unit-601/home/735300,MLSListings Inc. (MLSLI),ML81518205,Alain Pinel Realtors,N,Y,37.3497134,-121.9747449,false
Past Sale,Condo/Coop,1400 Bowe Ave #307,SANTA CLARA,CA,95051,625000,2,2.0,SANTA CLARA,1062,,1984,1,Garage,,Sold,,,,,625000,2015-11-19,650000,http://www.redfin.com/CA/Santa-Clara/1400-Bowe-Ave-95051/unit-307/home/740932,MLSListings Inc. (MLSLI),ML81517423,Intero Real Estate Services,N,Y,37.3497134,-121.9747449,false
Past Sale,Condo/Coop,151 Buckingham Dr #233,SANTA CLARA,CA,95051,530000,2,2.0,SANTA CLARA,1028,1118,1969,0,,,Sold,,,,,530000,2015-11-28,525000,http://www.redfin.com/CA/Santa-Clara/151-Buckingham-Dr-95051/unit-233/home/691836,MLSListings Inc. (MLSLI),ML81519089,Midtown Realty,N,Y,37.326622,-121.971376,false
Past Sale,Condo/Coop,1400 Bowe Ave #1709,SANTA CLARA,CA,95051,625000,2,2.0,SANTA CLARA,1062,1307,1986,0,,,Sold,,,,,625000,2015-12-04,665000,http://www.redfin.com/CA/Santa-Clara/1400-Bowe-Ave-95051/unit-1709/home/1765648,MLSListings Inc. (MLSLI),ML81520985,Intero Real Estate Services,N,Y,37.3497134,-121.9747449,false
Past Sale,Condo/Coop,1400 Bowe Ave #1303,SANTA CLARA,CA,95051,579000,2,2.0,SANTA CLARA,1062,1307,1986,0,,,Sold,,,,,579000,2015-12-10,640000,http://www.redfin.com/CA/Santa-Clara/1400-Bowe-Ave-95051/unit-1303/home/1181982,MLSListings Inc. (MLSLI),ML81518592,RE/MAX Gold Placerville,N,Y,37.3497134,-121.9747449,false
Past Sale,Townhouse,2488 Golf Links Cir,SANTA CLARA,CA,95050,965000,2,2.0,SANTA CLARA,1718,3248,1979,2,Garage,,Sold,,,,,965000,2015-10-16,970000,http://www.redfin.com/CA/Santa-Clara/2488-Golf-Links-Cir-95050/home/1566143,MLSListings Inc. (MLSLI),ML81513634,RE/MAX Real Estate Services,N,Y,37.332053,-121.965683,false
Past Sale,Condo/Coop,2250 Monroe St #267,SANTA CLARA,CA,95050,499000,2,1.0,SANTA CLARA,858,858,1987,1,Garage,,Sold,,,,,499000,2015-11-17,520000,http://www.redfin.com/CA/Santa-Clara/2250-Monroe-St-95050/unit-267/home/686995,MLSListings Inc. (MLSLI),ML81517059,Intero Real Estate Services,N,Y,37.3620091,-121.9637889,false
Past Sale,Condo/Coop,984 Kiely Blvd Unit D,SANTA CLARA,CA,95051,448888,2,1.0,SANTA CLARA,882,,1971,0,,,Sold,,,,,448888,2015-12-04,466000,http://www.redfin.com/CA/Santa-Clara/984-Kiely-Blvd-95051/unit-D/home/1119171,MLSListings Inc. (MLSLI),ML81517891,Realty World RFP Realty,N,Y,37.343639,-121.978637,false
Past Sale,Single Family Residential,2911 Humbolt Ave,SANTA CLARA,CA,95051,829000,2,1.0,SANTA CLARA,842,9250,1951,2,Garage,,Sold,,,,,829000,2015-12-27,875000,http://www.redfin.com/CA/Santa-Clara/2911-Humbolt-Ave-95051/home/1515060,MLSListings Inc. (MLSLI),ML81545546,Sereno Group,N,Y,37.347661,-121.97922,false
Past Sale,Condo/Coop,964 Kiely Blvd Unit A,SANTA CLARA,CA,95051,469000,2,1.5,SANTA CLARA,992,484,1971,2,,,Sold,,,,,469000,2015-12-30,510000,http://www.redfin.com/CA/Santa-Clara/964-Kiely-Blvd-95051/unit-A/home/1695496,MLSListings Inc. (MLSLI),ML81522380,Keller Williams Realty-Silicon Valley,N,Y,37.342515,-121.981216,false
Past Sale,Townhouse,1904 Miraplaza Ct #18,SANTA CLARA,CA,95051,725000,2,2.5,SANTA CLARA,1332,871,1986,2,Garage,,Sold,,,,,725000,2015-09-24,790000,http://www.redfin.com/CA/Santa-Clara/1904-Miraplaza-Ct-95051/unit-18/home/723944,MLSListings Inc. (MLSLI),ML81499547,Acres Real Estate Services,N,Y,37.357193,-121.998396,false
Past Sale,Condo/Coop,1912 Magdalena Cir #103,SANTA CLARA,CA,95051,599950,2,2.0,SANTA CLARA,1041,871,1986,2,Garage,,Sold,,,,,599950,2015-10-02,600000,http://www.redfin.com/CA/Santa-Clara/1912-Magdalena-Cir-95051/unit-103/home/1764050,MLSListings Inc. (MLSLI),ML81512275,Intero Real Estate Services,N,Y,37.3574929,-121.9999417,false
Past Sale,Townhouse,3709 Europe Ct,Santa Clara,CA,95051,,2,2.0,95051,1524,,1978,,,,,,,,,,2015-11-05,905000,http://www.redfin.com/CA/Santa-Clara/3709-Europe-Ct-95051/home/764563,,,,N,Y,37.349339,-121.997988,
Past Sale,Condo/Coop,1760 Halford Ave #166,SANTA CLARA,CA,95051,468000,2,1.0,SANTA CLARA,983,1554,1970,1,Garage,,Sold,,,,,468000,2015-11-11,550000,http://www.redfin.com/CA/Santa-Clara/1760-Halford-Ave-95051/unit-166/home/1103538,MLSListings Inc. (MLSLI),ML81517198,Coldwell Banker,N,Y,37.355522,-122.000335,false
Past Sale,Condo/Coop,1730 Halford Ave #343,SANTA CLARA,CA,95051,465000,2,2.0,SANTA CLARA,983,1554,1970,0,,,Sold,,,,2015-11-06,499000,2015-12-10,456000,http://www.redfin.com/CA/Santa-Clara/1730-Halford-Ave-95051/unit-343/home/723964,MLSListings Inc. (MLSLI),ML81512043,A to B Realty,N,Y,37.3551009,-121.9999865,false
Past Sale,Condo/Coop,3705 Terstena Pl #112,SANTA CLARA,CA,95051,648800,2,2.0,SANTA CLARA,1248,1392,1982,2,Garage,,Sold,,,,,450000,2015-12-21,640000,http://www.redfin.com/CA/Santa-Clara/3705-Terstena-Pl-95051/unit-112/home/669492,MLSListings Inc. (MLSLI),ML81468464,Vivid Estates,N,Y,37.357878,-121.998507,false
Past Sale,Condo/Coop,120 Saratoga Ave Apt 76,Santa Clara,CA,95051,,2,2.0,95051,950,,1969,,,,,,,,,,2015-12-23,200000,http://www.redfin.com/CA/Santa-Clara/120-Saratoga-Ave-95051/unit-76/home/1579905,,,,N,Y,37.325897,-121.969695,
Past Sale,Condo/Coop,936 Kiely Blvd Unit I,Santa Clara,CA,95051,,2,1.0,95051,882,,1971,,,,,,,,,,2015-10-30,370000,http://www.redfin.com/CA/Santa-Clara/936-Kiely-Blvd-95051/unit-I/home/1118875,,,,N,Y,37.3429379,-121.978679,
Past Sale,Condo/Coop,121 Buckingham Dr #25,SANTA CLARA,CA,95051,525000,2,2.0,SANTA CLARA,1137,1260,1969,1,,,Sold,,,,,525000,2015-09-15,550000,http://www.redfin.com/CA/Santa-Clara/121-Buckingham-Dr-95051/unit-25/home/725950,MLSListings Inc. (MLSLI),ML81497037,Keller Williams San Jose Gateway,N,Y,37.325941,-121.9708105,false
Past Sale,Condo/Coop,2580 Homestead Rd #4103,SANTA CLARA,CA,95051,559000,2,1.5,SANTA CLARA,984,984,2007,0,,,Sold,,,,,559000,2015-10-23,635000,http://www.redfin.com/CA/Santa-Clara/2580-Homestead-Rd-95051/unit-4103/home/22734348,MLSListings Inc. (MLSLI),ML81515824,Coldwell Banker,N,Y,37.3397753,-121.9715281,false
Past Sale,Condo/Coop,2580 Homestead Rd #4202,SANTA CLARA,CA,95051,538888,2,1.5,SANTA CLARA,984,984,2007,0,,,Sold,,,,,538888,2015-11-02,606000,http://www.redfin.com/CA/Santa-Clara/2580-Homestead-Rd-95051/unit-4202/home/22704974,MLSListings Inc. (MLSLI),ML81514721,Coldwell Banker,N,Y,37.3397753,-121.9715281,false
Past Sale,Condo/Coop,121 Buckingham Dr #32,SANTA CLARA,CA,95051,519000,2,2.0,SANTA CLARA,950,871,1969,0,,,Sold,,,,2015-09-23,529000,2015-11-30,515000,http://www.redfin.com/CA/Santa-Clara/121-Buckingham-Dr-95051/unit-32/home/743639,MLSListings Inc. (MLSLI),ML81513403,Intero Almaden,N,Y,37.325941,-121.9708105,false
Past Sale,Condo/Coop,2729 Mauricia Ave Unit B,SANTA CLARA,CA,95051,630000,2,2.0,SANTA CLARA,1012,,1971,0,,,Sold,,,,,630000,2015-10-22,665000,http://www.redfin.com/CA/Santa-Clara/2729-Mauricia-Ave-95051/unit-B/home/1630848,MLSListings Inc. (MLSLI),ML81496799,Bertao Real Estate Group,N,Y,37.3269949,-121.972048,false
Past Sale,Condo/Coop,150 Saratoga Ave Unit 365,Santa Clara,CA,95051,,2,2.0,95051,1028,,1969,,,,,,,,,,2015-09-11,145500,http://www.redfin.com/CA/Santa-Clara/150-Saratoga-Ave-95051/unit-365/home/744464,,,,N,Y,37.3264809,-121.9675893,
Past Sale,Condo/Coop,2580 Homestead Rd #5201,SANTA CLARA,CA,95051,538800,2,1.5,SANTA CLARA,984,984,2007,1,,,Sold,,,,,538800,2015-09-23,605000,http://www.redfin.com/CA/Santa-Clara/2580-Homestead-Rd-95051/unit-5201/home/12180376,MLSListings Inc. (MLSLI),ML81501937,Coldwell Banker,N,Y,37.3397753,-121.9715281,false
Past Sale,Single Family Residential,10024 Bret Ave,Cupertino,CA,95014,,2,1.0,95014,1063,,1948,,,,,,,,,,2015-11-23,1400000,http://www.redfin.com/CA/Cupertino/10024-Bret-Ave-95014/home/1216773,,,,N,Y,37.3225608,-122.0041371,
Past Sale,Condo/Coop,1750 Halford Ave #201,SANTA CLARA,CA,95051,480000,2,2.0,SANTA CLARA,983,1554,1970,0,,,Sold,,,,,480000,2015-10-09,485000,http://www.redfin.com/CA/Santa-Clara/1750-Halford-Ave-95051/unit-201/home/969477,MLSListings Inc. (MLSLI),ML81512927,Coldwell Banker,N,Y,37.3557149,-121.998715,false
Past Sale,Condo/Coop,3310 Lochinvar Ave #60,SANTA CLARA,CA,95051,499000,2,1.5,SANTA CLARA,954,2614,1964,0,,,Sold,,,,,499000,2015-09-09,553000,http://www.redfin.com/CA/Santa-Clara/3310-Lochinvar-Ave-95051/unit-60/home/1039734,MLSListings Inc. (MLSLI),ML81497250,CSR Real Estate Services,N,Y,37.339072,-121.9882284,false
Past Sale,Townhouse,2255 Anna Dr,SANTA CLARA,CA,95050,669900,2,1.5,SANTA CLARA,1316,640,1981,2,Garage,,Sold,,,,,669900,2016-06-30,740000,http://www.redfin.com/CA/Santa-Clara/2255-Anna-Dr-95050/home/1437158,MLSListings Inc. (MLSLI),ML81585523,Coldwell Banker,N,Y,37.3514989,-121.963763,false
Past Sale,Townhouse,2601 S Park Ln,SANTA CLARA,CA,95051,648000,2,1.5,SANTA CLARA,1197,1500,1973,2,Garage,,Sold,,,,,648000,2015-09-09,708000,http://www.redfin.com/CA/Santa-Clara/2601-S-Park-Ln-95051/home/1501078,MLSListings Inc. (MLSLI),ML81500651,Alain Pinel Realtors,N,Y,37.367697,-121.972027,false
Past Sale,Condo/Coop,150 Saratoga Ave #301,SANTA CLARA,CA,95051,579888,2,2.0,SANTA CLARA,1028,1119,1969,1,Garage,,Sold,,,,2016-06-17,579950,2016-07-07,585000,http://www.redfin.com/CA/Santa-Clara/150-Saratoga-Ave-95051/unit-301/home/1766098,MLSListings Inc. (MLSLI),ML81591064,Keller Williams Realty-Silicon Valley,N,Y,37.3264809,-121.9675893,false
Past Sale,Townhouse,2460 Rebecca Lynn Way,SANTA CLARA,CA,95050,829888,2,2.5,SANTA CLARA,1459,1250,1984,2,Garage,,Sold,,,,2016-07-15,899000,2016-09-02,815000,http://www.redfin.com/CA/Santa-Clara/2460-Rebecca-Lynn-Way-95050/home/743463,MLSListings Inc. (MLSLI),ML81587619,Referral Realty,N,Y,37.3341562,-121.9660485,false

